,Level,Risk_factor,measure,year_gbd,anal_year,val,lower,upper,Rank
26,,Diet low in fruits,Deaths,2010,2010,4902242.0,3818356.0,5881561.0,1.0
27,,Diet low in vegetables,Deaths,2010,2010,1797254.0,1205059.0,2394366.0,5.0
28,,Diet low in whole grains,Deaths,2010,2010,1725812.0,1342896.0,2067224.0,6.0
29,,Diet low in nuts and seeds,Deaths,2010,2010,2471823.0,1559603.0,3226994.0,4.0
30,,Diet low in milk,Deaths,2010,2010,100951.0,29728.0,171340.0,14.0
31,,Diet high in red meat,Deaths,2010,2010,38092.0,10749.0,65727.0,15.0
32,,Diet high in processed meat,Deaths,2010,2010,840857.0,188952.0,1460279.0,8.0
33,,"Diet high in 
sugar sweetened beverages",Deaths,2010,2010,299521.0,212310.0,403716.0,12.0
34,,Diet low in fiber,Deaths,2010,2010,742888.0,334379.0,1166933.0,9.0
35,,Diet low in calcium,Deaths,2010,2010,125594.0,88323.0,164800.0,13.0
36,,Diet low in seafood omega-3 fatty acids,Deaths,2010,2010,1389896.0,1010300.0,1781401.0,7.0
37,,"Diet low in 
polyunsaturated fatty acids",Deaths,2010,2010,533603.0,245096.0,820854.0,10.0
38,,Diet high in trans fatty acids,Deaths,2010,2010,515260.0,371081.0,649451.0,11.0
39,,Diet high in sodium,Deaths,2010,2010,3104308.0,2016734.0,4105019.0,3.0
40,,Low physical activity,Deaths,2010,2010,3183940.0,2657204.0,3718963.0,2.0
177,,Diet low in fruits,Deaths,2013,2013,3413000.0,2207000.0,4546000.0,2.0
178,,Diet low in vegetables,Deaths,2013,2013,1782000.0,1405000.0,2173000.0,5.0
179,,Diet low in whole grains,Deaths,2013,2013,2049000.0,1575000.0,2525000.0,4.0
180,,Diet low in nuts and seeds,Deaths,2013,2013,1195000.0,816000.0,1578000.0,6.0
181,,Diet low in milk,Deaths,2013,2013,105000.0,30000.0,177000.0,14.0
182,,Diet high in red meat,Deaths,2013,2013,102000.0,89000.0,116000.0,15.0
183,,Diet high in processed meat,Deaths,2013,2013,644000.0,467000.0,881000.0,9.0
184,,"Diet high in 
sugar sweetened beverages",Deaths,2013,2013,126000.0,96000.0,166000.0,13.0
185,,Diet low in fiber,Deaths,2013,2013,1009000.0,817000.0,1207000.0,8.0
186,,Diet low in calcium,Deaths,2013,2013,141000.0,122000.0,160000.0,12.0
187,,Diet low in seafood omega-3 fatty acids,Deaths,2013,2013,1031000.0,769000.0,1304000.0,7.0
188,,"Diet low in 
polyunsaturated fatty acids",Deaths,2013,2013,581000.0,512000.0,651000.0,10.0
189,,Diet high in trans fatty acids,Deaths,2013,2013,405000.0,218000.0,645000.0,11.0
190,,Diet high in sodium,Deaths,2013,2013,3689000.0,2028000.0,5810000.0,1.0
195,,Low physical activity,Deaths,2013,2013,2182000.0,1858000.0,2555000.0,3.0
333,,Diet low in fruits,Deaths,2015,2015,2924000.0,1905000.0,4018000.0,3.0
334,,Diet low in vegetables,Deaths,2015,2015,1994000.0,1024000.0,3121000.0,5.0
335,,Diet low in whole grains,Deaths,2015,2015,3142000.0,2215000.0,4189000.0,2.0
336,,Diet low in nuts and seeds,Deaths,2015,2015,2131000.0,1354000.0,3011000.0,4.0
337,,Diet low in milk,Deaths,2015,2015,126000.0,44000.0,212000.0,13.0
338,,Diet high in red meat,Deaths,2015,2015,43000.0,19000.0,69000.0,14.0
339,,Diet high in processed meat,Deaths,2015,2015,541000.0,156000.0,914000.0,8.0
340,,"Diet high in 
sugar sweetened beverages",Deaths,2015,2015,39000.0,27000.0,55000.0,15.0
341,,Diet low in fiber,Deaths,2015,2015,387000.0,183000.0,670000.0,11.0
342,,Diet low in calcium,Deaths,2015,2015,160000.0,95000.0,232000.0,12.0
343,,Diet low in seafood omega-3 fatty acids,Deaths,2015,2015,1472000.0,616000.0,2378000.0,7.0
344,,"Diet low in 
polyunsaturated fatty acids",Deaths,2015,2015,388000.0,158000.0,610000.0,10.0
345,,Diet high in trans fatty acids,Deaths,2015,2015,448000.0,190000.0,827000.0,9.0
346,,Diet high in sodium,Deaths,2015,2015,4130000.0,2446000.0,6419000.0,1.0
351,,Low physical activity,Deaths,2015,2015,1605000.0,1265000.0,1956000.0,6.0
492,3.0,Diet low in fruits,Deaths,2016,2016,2361200.0,1446100.0,3447830.0,2.0
493,3.0,Diet low in vegetables,Deaths,2016,2016,1519650.0,717790.0,2507050.0,6.0
494,3.0,Diet low in legumes,Deaths,2016,2016,672470.0,288670.0,1113670.0,9.0
495,3.0,Diet low in whole grains,Deaths,2016,2016,2498690.0,1662920.0,3507350.0,1.0
496,3.0,Diet low in nuts and seeds,Deaths,2016,2016,2155040.0,1349070.0,2965360.0,4.0
497,3.0,Diet low in milk,Deaths,2016,2016,123210.0,45000.0,213850.0,14.0
498,3.0,Diet high in red meat,Deaths,2016,2016,31880.0,15080.0,51440.0,15.0
499,3.0,Diet high in processed meat,Deaths,2016,2016,139620.0,29840.0,271400.0,13.0
500,3.0,"Diet high in 
sugar sweetened beverages",Deaths,2016,2016,22560.0,15330.0,33360.0,16.0
501,3.0,Diet low in fiber,Deaths,2016,2016,877850.0,502370.0,1337530.0,8.0
502,3.0,Diet low in calcium,Deaths,2016,2016,159880.0,101070.0,232620.0,12.0
503,3.0,Diet low in seafood omega-3 fatty acids,Deaths,2016,2016,1538760.0,641930.0,2518120.0,5.0
504,3.0,"Diet low in 
polyunsaturated fatty acids",Deaths,2016,2016,404130.0,167800.0,628840.0,10.0
505,3.0,Diet high in trans fatty acids,Deaths,2016,2016,223640.0,62820.0,513159.99999999994,11.0
506,3.0,Diet high in sodium,Deaths,2016,2016,2310470.0,654700.0,4498830.0,3.0
511,2.0,Low physical activity,Deaths,2016,2016,1373340.0,717650.0,2084160.0,7.0
656,3.0,Diet low in fruits,Deaths,2017,2017,2420000.0,1480000.0,3530000.0,3.0
657,3.0,Diet low in vegetables,Deaths,2017,2017,1460000.0,732000.0,2400000.0,5.0
658,3.0,Diet low in legumes,Deaths,2017,2017,535000.0,214000.0,909000.0,10.0
659,3.0,Diet low in whole grains,Deaths,2017,2017,3070000.0,2110000.0,4120000.0,2.0
660,3.0,Diet low in nuts and seeds,Deaths,2017,2017,2060000.0,1330000.0,2880000.0,4.0
661,3.0,Diet low in milk,Deaths,2017,2017,126000.0,45000.0,220000.0,15.0
662,3.0,Diet high in red meat,Deaths,2017,2017,25000.0,11000.0,40000.0,16.0
663,3.0,Diet high in processed meat,Deaths,2017,2017,130000.0,26000.0,265000.0,14.0
664,3.0,"Diet high in 
sugar sweetened beverages",Deaths,2017,2017,137000.0,20000.0,264000.0,13.0
665,3.0,Diet low in fiber,Deaths,2017,2017,873000.0,510000.0,1330000.0,8.0
666,3.0,Diet low in calcium,Deaths,2017,2017,185000.0,116000.0,262000.0,12.0
667,3.0,Diet low in seafood omega-3 fatty acids,Deaths,2017,2017,1440000.0,667000.0,2380000.0,6.0
668,3.0,"Diet low in 
polyunsaturated fatty acids",Deaths,2017,2017,799000.0,343000.0,1310000.0,9.0
669,3.0,Diet high in trans fatty acids,Deaths,2017,2017,258000.0,80000.0,577000.0,11.0
670,3.0,Diet high in sodium,Deaths,2017,2017,3200000.0,1420000.0,5450000.0,1.0
674,2.0,Low physical activity,Deaths,2017,2017,1260000.0,681000.0,2010000.0,7.0
792,,Diet low in fruits,Deaths,2019,2019,1046014.85149847,730092.303933763,1363859.4078577,4.0
793,,Diet low in vegetables,Deaths,2019,2019,529381.294473023,340332.349137877,718248.266479947,10.0
794,,Diet low in whole grains,Deaths,2019,2019,1844836.14402205,921291.315475401,2338609.2376141,2.0
795,,Diet low in nuts and seeds,Deaths,2019,2019,575139.227628589,311225.472374473,789584.549327027,9.0
796,,Diet low in milk,Deaths,2019,2019,166456.355475281,107220.804004758,226027.206142109,15.0
797,,Diet high in red meat,Deaths,2019,2019,895674.865847097,535643.768341172,1251405.78588332,5.0
798,,Diet high in processed meat,Deaths,2019,2019,304284.428470904,154310.083253012,486449.431953603,13.0
799,,"Diet high in 
sugar sweetened beverages",Deaths,2019,2019,242218.192952048,172044.534744722,302250.292556166,14.0
800,,Diet low in fiber,Deaths,2019,2019,606223.954557137,342045.308150596,887467.110743672,8.0
801,,Diet low in seafood omega-3 fatty acids,Deaths,2019,2019,337279.714963052,165612.941196027,435663.334844461,12.0
802,,"Diet low in 
polyunsaturated fatty acids",Deaths,2019,2019,346234.394014849,44248.7051287729,707300.224144483,11.0
803,,Diet high in trans fatty acids,Deaths,2019,2019,644980.994780061,75905.1933222124,882254.19759501,7.0
804,,Diet high in sodium,Deaths,2019,2019,1885355.86872438,476839.194567855,4194708.61145616,1.0
805,,Low physical activity,Deaths,2019,2019,831502.012572398,427075.937529587,1470299.39365758,6.0
815,,Diet low in calcium,Deaths,2019,2019,137895.942410856,96834.7648839586,189221.03727682,16.0
839,,Diet low in legumes,Deaths,2019,2019,1116424.03352137,252012.593665219,1815318.86434172,3.0
944,,Diet low in milk,Deaths,2021,2021,146610.909261126,52323.5382849476,230009.588801282,13.0
946,,Diet low in fiber,Deaths,2021,2021,618783.302427818,226106.898717131,987569.142398294,9.0
948,,Diet high in sodium,Deaths,2021,2021,1857695.59359268,367760.850916827,4251577.08605353,1.0
956,,Diet low in whole grains,Deaths,2021,2021,1546242.68698825,707296.746514314,2343822.22829647,3.0
957,,Diet high in processed meat,Deaths,2021,2021,295268.699376322,56805.2254634352,502317.373659524,12.0
958,,"Diet low in 
polyunsaturated fatty acids",Deaths,2021,2021,737879.282209482,-2118790.29882907,2767688.42735375,5.0
967,,Diet low in legumes,Deaths,2021,2021,389328.769606269,-313415.181203872,1011097.99788587,10.0
981,,Diet low in nuts and seeds,Deaths,2021,2021,658246.827457309,184906.146038822,1086133.71502607,6.0
982,,"Diet high in 
sugar sweetened beverages",Deaths,2021,2021,75725.3804443203,34284.3580288238,117265.954094679,16.0
983,,Diet high in trans fatty acids,Deaths,2021,2021,93310.7014985043,9229.38295129084,179613.684215078,14.0
1002,,Diet low in fruits,Deaths,2021,2021,1683591.63772107,769757.726378262,2470250.4438557,2.0
1003,,Diet low in vegetables,Deaths,2021,2021,861479.896570154,541278.444980827,1189503.36589418,4.0
1004,,Diet high in red meat,Deaths,2021,2021,333872.014848432,-146.321385154267,444431.014967803,11.0
1005,,Diet low in seafood omega-3 fatty acids,Deaths,2021,2021,627342.216564792,119537.66072445,1082744.96194442,8.0
1006,,Low physical activity,Deaths,2021,2021,657618.695734701,278741.786773928,1058456.23342328,7.0
1011,,Diet low in calcium,Deaths,2021,2021,83863.9916261323,64825.5282767432,102766.062574294,15.0
1130,,Diet low in whole grains,Deaths,2023,2023,1189943.1134646,536199.821215898,1870071.77165641,3.0
1132,,Diet low in fruits,Deaths,2023,2023,1763968.3985265,739975.650245814,2790818.169569,1.0
1134,,Diet high in processed meat,Deaths,2023,2023,307069.291638428,139351.597416982,509075.273577998,12.0
1135,,Diet low in milk,Deaths,2023,2023,156795.0148798,56315.9100405512,248691.739537916,13.0
1136,,Diet low in nuts and seeds,Deaths,2023,2023,884737.73530599,253652.387073351,1531622.40805804,5.0
1137,,Diet low in vegetables,Deaths,2023,2023,933564.222646574,532011.362423504,1365700.10979821,4.0
1138,,Diet low in fiber,Deaths,2023,2023,453169.00922195,126935.827029265,986025.498418398,9.0
1139,,Diet high in red meat,Deaths,2023,2023,364148.935331213,2.772286e-09,517434.787975671,11.0
1141,,Diet high in trans fatty acids,Deaths,2023,2023,389238.135450795,20866.0930470164,760535.909433043,10.0
1143,,Diet high in sodium,Deaths,2023,2023,1672000.56072272,245561.922879979,4154920.22686427,2.0
1145,,Diet low in seafood omega-3 fatty acids,Deaths,2023,2023,521498.67692551,132450.425185383,1047911.20994965,8.0
1147,,Low physical activity,Deaths,2023,2023,670086.822616748,276153.55593431,1034962.83112973,6.0
1148,,Diet low in calcium,Deaths,2023,2023,80986.3020901851,60859.4188024898,103916.357718629,14.0
1161,,Diet low in legumes,Deaths,2023,2023,593529.780388168,-468420.351831637,1592852.70901489,7.0
89,,Diet low in fruits,DALYs,2010,2010,104095000.0,81833000.0,124169000.0,1.0
90,,Diet low in vegetables,DALYs,2010,2010,38559000.0,26006000.0,51658000.0,6.0
91,,Diet low in whole grains,DALYs,2010,2010,40762000.0,32112000.0,48486000.0,5.0
92,,Diet low in nuts and seeds,DALYs,2010,2010,51289000.0,33482000.0,65959000.0,4.0
93,,Diet low in milk,DALYs,2010,2010,2101000.0,619000.0,3544000.0,14.0
94,,Diet high in red meat,DALYs,2010,2010,1853000.0,870000.0,2946000.0,15.0
95,,Diet high in processed meat,DALYs,2010,2010,20939000.0,6982000.0,33468000.0,8.0
96,,"Diet high in 
sugar sweetened beverages",DALYs,2010,2010,8553000.0,5823000.0,11418000.0,12.0
97,,Diet low in fiber,DALYs,2010,2010,16452000.0,7401000.0,25783000.0,9.0
98,,Diet low in calcium,DALYs,2010,2010,2590000.0,1873000.0,3322000.0,13.0
99,,Diet low in seafood omega-3 fatty acids,DALYs,2010,2010,28199000.0,20624000.0,35974000.0,7.0
100,,"Diet low in 
polyunsaturated fatty acids",DALYs,2010,2010,11680000.0,5360000.0,17798000.0,10.0
101,,Diet high in trans fatty acids,DALYs,2010,2010,11592000.0,8395000.0,14623000.0,11.0
102,,Diet high in sodium,DALYs,2010,2010,61231000.0,40124000.0,80342000.0,3.0
103,,Low physical activity,DALYs,2010,2010,69318000.0,58646000.0,80182000.0,2.0
256,,Diet low in fruits,DALYs,2013,2013,74797000.0,49434000.0,98791000.0,1.0
257,,Diet low in vegetables,DALYs,2013,2013,39176000.0,31050000.0,47658000.0,5.0
258,,Diet low in whole grains,DALYs,2013,2013,51411000.0,39500000.0,63286000.0,3.0
259,,Diet low in nuts and seeds,DALYs,2013,2013,27109000.0,18408000.0,36030000.0,6.0
260,,Diet low in milk,DALYs,2013,2013,2218000.0,633000.0,3713000.0,15.0
261,,Diet high in red meat,DALYs,2013,2013,4147000.0,3349000.0,5026000.0,13.0
262,,Diet high in processed meat,DALYs,2013,2013,17380000.0,12677000.0,23925000.0,9.0
263,,"Diet high in 
sugar sweetened beverages",DALYs,2013,2013,6190000.0,4665000.0,8142000.0,12.0
264,,Diet low in fiber,DALYs,2013,2013,22098000.0,17996000.0,26349000.0,8.0
265,,Diet low in calcium,DALYs,2013,2013,2876000.0,2507000.0,3258000.0,14.0
266,,Diet low in seafood omega-3 fatty acids,DALYs,2013,2013,22448000.0,16887000.0,28205000.0,7.0
267,,"Diet low in 
polyunsaturated fatty acids",DALYs,2013,2013,12670000.0,11103000.0,14342000.0,10.0
268,,Diet high in trans fatty acids,DALYs,2013,2013,9875000.0,5503000.0,15228000.0,11.0
269,,Diet high in sodium,DALYs,2013,2013,74327000.0,40615000.0,116717000.0,2.0
274,,Low physical activity,DALYs,2013,2013,45143000.0,38328000.0,52671000.0,4.0
412,,Diet low in fruits,DALYs,2015,2015,72590000.0,48514000.0,98667000.0,3.0
413,,Diet low in vegetables,DALYs,2015,2015,44632000.0,23572000.0,68817000.0,5.0
414,,Diet low in whole grains,DALYs,2015,2015,79813000.0,57571000.0,104238000.0,2.0
415,,Diet low in nuts and seeds,DALYs,2015,2015,49411000.0,32716000.0,68196000.0,4.0
416,,Diet low in milk,DALYs,2015,2015,2603000.0,897000.0,4382000.0,13.0
417,,Diet high in red meat,DALYs,2015,2015,1752000.0,638000.0,2957000.0,14.0
418,,Diet high in processed meat,DALYs,2015,2015,14907000.0,6450000.0,23452000.0,8.0
419,,"Diet high in 
sugar sweetened beverages",DALYs,2015,2015,1449000.0,1004000.0,2059000.0,15.0
420,,Diet low in fiber,DALYs,2015,2015,8393000.0,3908000.0,14657000.0,10.0
421,,Diet low in calcium,DALYs,2015,2015,3284000.0,1966000.0,4755000.0,12.0
422,,Diet low in seafood omega-3 fatty acids,DALYs,2015,2015,31310000.0,13272000.0,49823000.0,7.0
423,,"Diet low in 
polyunsaturated fatty acids",DALYs,2015,2015,8270000.0,3534000.0,12996000.0,11.0
424,,Diet high in trans fatty acids,DALYs,2015,2015,11578000.0,5138000.0,20322000.0,9.0
425,,Diet high in sodium,DALYs,2015,2015,83008000.0,49326000.0,127452000.0,1.0
430,,Low physical activity,DALYs,2015,2015,34603000.0,26905000.0,42282000.0,6.0
575,3.0,Diet low in fruits,DALYs,2016,2016,60982390.0,38806060.0,87349090.0,2.0
576,3.0,Diet low in vegetables,DALYs,2016,2016,35489090.0,17454480.0,57174790.0,5.0
577,3.0,Diet low in legumes,DALYs,2016,2016,14214450.0,6113490.0,23571090.0,9.0
578,3.0,Diet low in whole grains,DALYs,2016,2016,62596110.0,42330990.0,86426660.0,1.0
579,3.0,Diet low in nuts and seeds,DALYs,2016,2016,49492970.0,32430010.0,66636039.99999999,3.0
580,3.0,Diet low in milk,DALYs,2016,2016,2581500.0,930450.0,4435440.0,14.0
581,3.0,Diet high in red meat,DALYs,2016,2016,1247330.0,508190.0,2077330.0,15.0
582,3.0,Diet high in processed meat,DALYs,2016,2016,3196040.0,1091350.0,5836230.0,13.0
583,3.0,"Diet high in 
sugar sweetened beverages",DALYs,2016,2016,779510.0,523900.0,1145180.0,16.0
584,3.0,Diet low in fiber,DALYs,2016,2016,20119470.0,11653460.0,30430150.0,8.0
585,3.0,Diet low in calcium,DALYs,2016,2016,3353070.0,2127080.0,4832470.0,12.0
586,3.0,Diet low in seafood omega-3 fatty acids,DALYs,2016,2016,33347839.999999996,14222640.0,53678050.0,6.0
587,3.0,"Diet low in 
polyunsaturated fatty acids",DALYs,2016,2016,8351809.999999999,3443290.0,12916370.0,10.0
588,3.0,Diet high in trans fatty acids,DALYs,2016,2016,5111020.0,1348610.0,11683020.0,11.0
589,3.0,Diet high in sodium,DALYs,2016,2016,47567080.0,14436690.0,92411610.0,4.0
594,2.0,Low physical activity,DALYs,2016,2016,24315860.0,12811320.0,36604690.0,7.0
738,3.0,Diet low in fruits,DALYs,2017,2017,64800000.0,40600000.0,92000000.0,3.0
739,3.0,Diet low in vegetables,DALYs,2017,2017,34200000.0,17700000.0,55700000.0,5.0
740,3.0,Diet low in legumes,DALYs,2017,2017,11000000.0,4390000.0,18700000.0,10.0
741,3.0,Diet low in whole grains,DALYs,2017,2017,82500000.0,59000000.0,109000000.0,1.0
742,3.0,Diet low in nuts and seeds,DALYs,2017,2017,49900000.0,33100000.0,68000000.0,4.0
743,3.0,Diet low in milk,DALYs,2017,2017,2720000.0,965000.0,4730000.0,15.0
744,3.0,Diet high in red meat,DALYs,2017,2017,1310000.0,508000.0,2250000.0,16.0
745,3.0,Diet high in processed meat,DALYs,2017,2017,3570000.0,1260000.0,6770000.0,14.0
746,3.0,"Diet high in 
sugar sweetened beverages",DALYs,2017,2017,4450000.0,1490000.0,7700000.0,12.0
747,3.0,Diet low in fiber,DALYs,2017,2017,19900000.0,11600000.0,30400000.0,8.0
748,3.0,Diet low in calcium,DALYs,2017,2017,3890000.0,2450000.0,5480000.0,13.0
749,3.0,Diet low in seafood omega-3 fatty acids,DALYs,2017,2017,32400000.0,15200000.0,52700000.0,6.0
750,3.0,"Diet low in 
polyunsaturated fatty acids",DALYs,2017,2017,17900000.0,7770000.0,29000000.0,9.0
751,3.0,Diet high in trans fatty acids,DALYs,2017,2017,6160000.0,1870000.0,13800000.0,11.0
752,3.0,Diet high in sodium,DALYs,2017,2017,70400000.0,33600000.0,118000000.0,2.0
757,2.0,Low physical activity,DALYs,2017,2017,23700000.0,12500000.0,37300000.0,7.0
876,,Diet low in fruits,DALYs,2019,2019,27678336.1525521,20226683.1197523,35925411.300784,3.0
877,,Diet low in vegetables,DALYs,2019,2019,12953238.48279,8248082.56831476,17515468.8697509,10.0
878,,Diet low in whole grains,DALYs,2019,2019,42573706.3504837,22331727.7747077,53238699.0293731,2.0
879,,Diet low in nuts and seeds,DALYs,2019,2019,13595096.546288,7756115.80704582,18643841.2456166,9.0
880,,Diet low in milk,DALYs,2019,2019,3799297.24857622,2457767.552848,5124452.91399502,15.0
881,,Diet high in red meat,DALYs,2019,2019,23861073.7568091,15599234.0816413,32020022.0711741,5.0
882,,Diet high in processed meat,DALYs,2019,2019,8556880.5715729,5293182.26883161,12676193.1894375,11.0
883,,"Diet high in 
sugar sweetened beverages",DALYs,2019,2019,6307561.76006201,4300765.17816272,8079555.92331289,14.0
884,,Diet low in fiber,DALYs,2019,2019,15297367.3445709,9111327.66795394,21951846.984253,7.0
885,,Diet low in seafood omega-3 fatty acids,DALYs,2019,2019,7409654.91259736,3373472.42294569,9686982.23666079,13.0
886,,"Diet low in 
polyunsaturated fatty acids",DALYs,2019,2019,8012899.22559144,969247.907817242,16249212.8651237,12.0
887,,Diet high in trans fatty acids,DALYs,2019,2019,14234236.9514579,1580401.88499012,19410190.7866601,8.0
888,,Diet high in sodium,DALYs,2019,2019,44866637.6268002,13024501.4945786,94682290.1903748,1.0
889,,Low physical activity,DALYs,2019,2019,15747938.2067888,8515093.96991076,28617800.8337841,6.0
901,,Diet low in calcium,DALYs,2019,2019,3144597.44987367,2248008.20499137,4259658.53644986,16.0
925,,Diet low in legumes,DALYs,2019,2019,24309038.5396405,5263142.14320042,39575296.5905358,4.0
1026,,Diet low in nuts and seeds,DALYs,2021,2021,16261043.0992492,4808156.27374184,26189581.65747,7.0
1027,,"Diet high in 
sugar sweetened beverages",DALYs,2021,2021,3607896.69797593,1703480.5472624,5566159.87043159,13.0
1028,,Diet high in trans fatty acids,DALYs,2021,2021,2491995.345688,241561.977884194,4781960.75832411,15.0
1048,,Diet low in fruits,DALYs,2021,2021,43766703.1514532,17669818.0522956,65157800.464563,1.0
1049,,Diet low in legumes,DALYs,2021,2021,9162566.76677788,-7635024.71790058,22951528.2628056,12.0
1050,,Diet low in milk,DALYs,2021,2021,3492706.30713802,1198014.74936925,5497563.17593175,14.0
1051,,Diet low in fiber,DALYs,2021,2021,16696607.4770706,5749429.09678298,26277841.6631708,6.0
1054,,Diet high in sodium,DALYs,2021,2021,41275914.0878416,9297839.44774784,91456678.4755488,2.0
1063,,Diet low in whole grains,DALYs,2021,2021,40414150.1864352,16951268.4172593,60948336.8058418,3.0
1064,,Diet high in processed meat,DALYs,2021,2021,10357090.9912955,2261201.53985669,17731835.6468282,10.0
1066,,"Diet low in 
polyunsaturated fatty acids",DALYs,2021,2021,17869860.5395481,-56003352.1985371,65962498.5239818,5.0
1075,,Diet low in calcium,DALYs,2021,2021,2031477.99867649,1558142.83386293,2498107.98164951,16.0
1096,,Diet low in vegetables,DALYs,2021,2021,20655690.6324031,12448914.0161153,28673801.9395984,4.0
1097,,Diet high in red meat,DALYs,2021,2021,9633539.10667224,-4908.53200528372,13030228.3851559,11.0
1098,,Diet low in seafood omega-3 fatty acids,DALYs,2021,2021,15511021.3514307,3098824.39583993,25946111.2991226,9.0
1099,,Low physical activity,DALYs,2021,2021,15704960.4328681,7334697.50741822,24379666.2799438,8.0
1187,,Diet low in nuts and seeds,DALYs,2023,2023,22483622.9068292,6713797.14746687,37885424.9809135,5.0
1191,,Diet high in trans fatty acids,DALYs,2023,2023,10281401.3954711,571657.457169527,19987935.629415,11.0
1192,,Diet low in vegetables,DALYs,2023,2023,23408358.6826458,12811714.1430707,36034274.7477097,4.0
1193,,Diet low in whole grains,DALYs,2023,2023,31744892.7544248,13561595.630198,50143145.6172216,3.0
1195,,Diet low in fruits,DALYs,2023,2023,47910446.6441702,17969561.413229,75858037.9464035,1.0
1197,,Diet high in red meat,DALYs,2023,2023,10935463.5201896,9.64797774e-08,16392597.6246065,10.0
1198,,Diet high in processed meat,DALYs,2023,2023,9887538.70167492,5003262.36385823,15430280.9016015,12.0
1199,,Diet low in milk,DALYs,2023,2023,3778716.99507588,1292725.18597701,6066595.14601564,13.0
1200,,Diet low in seafood omega-3 fatty acids,DALYs,2023,2023,13098055.8137201,3397721.31578389,25603462.6087529,8.0
1201,,Diet low in fiber,DALYs,2023,2023,12430861.6535851,3169145.3467866,26778063.4315173,9.0
1203,,Diet low in calcium,DALYs,2023,2023,1970743.00271453,1449123.25529546,2527027.73550931,14.0
1204,,Low physical activity,DALYs,2023,2023,16441325.8911839,7207532.58339353,25151243.0880533,6.0
1205,,Diet high in sodium,DALYs,2023,2023,38390135.4872817,6808180.00276484,91725772.4871875,2.0
1219,,Diet low in legumes,DALYs,2023,2023,14326607.3167397,-12304191.0257444,37349051.6757239,7.0
