Level,Risk_factor,year_gbd,Note
1,Environmental and occupational risks,2010,fake
2,Unimproved water and sanitation,2010,
3,Unimproved water source,2010,
3,Unimproved sanitation,2010,
2,Air pollution,2010,
3,"Ambient
particulate
matter
pollution",2010,
3,Household air pollution from solid fuels,2010,
3,"Ambient
ozone pollution",2010,
2,Other environmental risks,2010,
3,Residential radon,2010,
3,Lead exposure,2010,
2,Occupational risk factors,2010,
3,Occupational carcinogens,2010,
3,Occupational asthmagens,2010,
3,"Occupational
particulate
matter, gases,
and fumes",2010,
3,Occupational noise,2010,
3,Occupational risk factors for injuries,2010,
3,Occupational low back pain,2010,
1,Behavioural risks,2010,fake
2,Child and maternal undernutrition,2010,
3,"Suboptimal
breastfeeding",2010,
3,"Childhood
undernutrition",2010,
3,Iron deficiency,2010,
3,Vitamin A deficiency,2010,
3,Zinc deficiency,2010,
2,Tobacco smoking (including second-hand smoke),2010,
3,Tobacco smoking,2010,
3,Second-hand smoke,2010,
2,Alcohol and drug use,2010,
3,Alcohol use,2010,
3,Drug use,2010,
2,Dietary risk factors and physical inactivity,2010,
3,"Diet low in
fruits",2010,
3,"Diet low in
vegetables",2010,
3,"Diet low in
whole grains",2010,
3,"Diet low in
nuts and seeds",2010,
3,"Diet low in
milk",2010,
3,"Diet high in
red meat",2010,
3,"Diet high in
processed meat",2010,
3,Diet high in sugar sweetened beverages,2010,
3,"Diet low in
fibre",2010,
3,"Diet low
in calcium",2010,
3,"Diet low
in seafood
omega-3 fatty
acids",2010,
3,"Diet low in
polyunsaturated
fatty acids",2010,
3,"Diet high
in trans fatty
acids",2010,
3,"Diet high
in sodium",2010,
3,Physical inactivity and low physical activity,2010,
2,Sexual abuse and violence,2010,
3,Childhood sexual abuse,2010,
3,Intimate partner violence,2010,
1,Physiological risk factors,2010,fake
2,"High fasting
plasma glucose",2010,
2,"High total
cholesterol",2010,
2,"High blood
pressure",2010,
2,High body-mass index,2010,
2,"Low bone
mineral density",2010,
0,All risk factors,2013,
1,Environmental risks,2013,
2,"Unsafe water, sanitation, and handwashing",2013,
3,Unsafe water source,2013,
3,Unsafe sanitation,2013,
3,No handwashing with soap,2013,
2,Air pollution,2013,
3,"Ambient
particulate
matter
pollution",2013,
3,Household air pollution from solid fuels,2013,
3,"Ambient
ozone pollution",2013,
2,Other environmental risks,2013,
3,Residential radon,2013,
3,Lead exposure,2013,
2,Occupational risks,2013,
3,Occupational carcinogens,2013,
3,Occupational asthmagens,2013,
3,"Occupational particulate matter, gases, and fumes",2013,
3,Occupational noise,2013,
3,Occupational injuries,2013,
3,Occupational ergonomic factors,2013,
1,Behavioural risks,2013,
2,Child and maternal malnutrition,2013,
3,Suboptimal breastfeeding,2013,
3,Childhood undernutrition,2013,
3,Childhood underweight,2013,
3,Iron deficiency,2013,
3,Vitamin A deficiency,2013,
3,Zinc deficiency,2013,
2,Tobacco smoke,2013,
3,Smoking,2013,
3,Second hand smoke,2013,
2,Alcohol and drug use,2013,
3,Alcohol use,2013,
3,Drug use,2013,
2,Dietary risks,2013,
3,Diet low in fruits,2013,
3,Diet low in vegetables,2013,
3,Diet low in whole grains,2013,
3,Diet low in nuts and seeds,2013,
3,Diet low in milk,2013,
3,Diet high in red meat,2013,
3,Diet high processed meat,2013,
3,Diet high in sugar-sweetened beverages,2013,
3,Diet low in fibre,2013,
3,Diet suboptimal in calcium,2013,
3,Diet low in seafood omega-3 fatty acids,2013,
3,"Diet low in polyunsaturated fatty
 acids",2013,
3,Diet high in trans fatty acids,2013,
3,Diet high in sodium,2013,
2,Sexual abuse and violence,2013,
3,Childhood sexual abuse,2013,
3,Intimate partner violence,2013,
2,Unsafe sex,2013,
2,Low physical activity,2013,
1,Metabolic risks,2013,
2,"High fasting plasma
 glucose",2013,
2,High total cholesterol,2013,
2,High systolic blood pressure,2013,
2,High body-mass index,2013,
2,"Low bone
mineral density",2013,
2,Low glomerular filtration rate,2013,
0,All risk factors,2015,
1,Environmental and occupational risks,2015,
2,"Unsafe water, sanitation, and handwashing",2015,
3,Unsafe water source,2015,
3,Unsafe sanitation,2015,
3,No handwashing with soap,2015,
2,Air pollution,2015,
3,Ambient particulate matter pollution,2015,
3,Household air pollution from solid fuels,2015,
3,Ambient ozone pollution,2015,
2,Other environmental risks,2015,
3,Residential radon,2015,
3,Lead exposure,2015,
2,Occupational risks,2015,
3,Occupational carcinogens,2015,
3,Occupational asthmagens,2015,
3,"Occupational particulate matter, gases, and fumes",2015,
3,Occupational noise,2015,
3,Occupational injuries,2015,
3,Occupational ergonomic factors,2015,
1,Behavioural risks,2015,
2,Child and maternal malnutrition,2015,
3,Suboptimal breastfeeding,2015,
3,Childhood undernutrition,2015,
3,Iron deficiency,2015,
3,Vitamin A deficiency,2015,
3,Zinc deficiency,2015,
2,Tobacco smoke,2015,
3,Smoking,2015,
3,"Second-
hand smoke",2015,
2,Alcohol and drug use,2015,
3,Alcohol use,2015,
3,Drug use,2015,
2,Dietary risks,2015,
3,Diet low in fruits,2015,
3,Diet low in vegetables,2015,
3,Diet low in whole grains,2015,
3,Diet low in nuts and seeds,2015,
3,Diet low in milk,2015,
3,Diet high in red meat,2015,
3,Diet high in processed meat,2015,
3,Diet high in sugar-sweetened beverages,2015,
3,Diet low in fibre,2015,
3,Diet low in calcium,2015,
3,Diet low in seafood omega-3 fatty acids,2015,
3,Diet low in polyunsaturated fatty acids,2015,
3,Diet high in trans fatty acids,2015,
3,Diet high in sodium,2015,
2,Sexual abuse and violence,2015,
3,Childhood sexual abuse,2015,
3,Intimate partner violence,2015,
2,Unsafe sex,2015,
2,Low physical activity,2015,
1,Metabolic risks,2015,
2,High fasting plasma glucose,2015,
2,High total cholesterol,2015,
2,High systolic blood pressure,2015,
2,High body-mass index,2015,
2,Low bone mineral density,2015,
2,Low glomerular filtration rate,2015,
0,All risk factors,2016,
1,Environmental and occupational risks,2016,
2,"Unsafe water, sanitation, and handwashing",2016,
3,Unsafe water source,2016,
3,Unsafe sanitation,2016,
3,No access to handwashing facility,2016,
2,Air pollution,2016,
3,Ambient particulate matter pollution,2016,
3,Household air pollution from solid fuels,2016,
3,Ambient ozone pollution,2016,
2,Other environmental risks,2016,
3,Residential radon,2016,
3,Lead exposure,2016,
2,Occupational risks,2016,
3,Occupational carcinogens,2016,
3,Occupational asthmagens,2016,
3,"Occupational particulate matter, gases, and fumes",2016,
3,Occupational noise,2016,
3,Occupational injuries,2016,
3,Occupational ergonomic factors,2016,
1,Behavioural risks,2016,
2,Child and maternal malnutrition,2016,
3,Suboptimal breastfeeding,2016,
3,Child growth failure,2016,
3,Low birthweight and short gestation,2016,
3,Iron deficiency,2016,
3,Vitamin A deficiency,2016,
3,Zinc deficiency,2016,
2,Tobacco,2016,
3,Smoking,2016,
3,Smokeless tobacco,2016,
3,Second-hand smoke,2016,
2,Alcohol and drug use,2016,
3,Alcohol use,2016,
3,Drug use,2016,
2,Dietary risks,2016,
3,Diet low in fruits,2016,
3,Diet low in vegetables,2016,
3,Diet low in legumes,2016,
3,Diet low in whole grains,2016,
3,Diet low in nuts and seeds,2016,
3,Diet low in milk,2016,
3,Diet high in red meat,2016,
3,Diet high in processed meat,2016,
3,Diet high in sugar-sweetened beverages,2016,
3,Diet low in fibre,2016,
3,Diet low in calcium,2016,
3,Diet low in seafood omega 3 fatty acids,2016,
3,Diet low in polyunsaturated fatty acids,2016,
3,Diet high in transfatty acids,2016,
3,Diet high in sodium,2016,
2,Sexual abuse and violence,2016,
3,Childhood sexual abuse,2016,
3,Intimate partner violence,2016,
2,Unsafe sex,2016,
2,Low physical activity,2016,
1,Metabolic risks,2016,
2,High fasting plasma glucose,2016,
2,High total cholesterol,2016,
2,High systolic blood pressure,2016,
2,High body-mass index,2016,
2,Low bone mineral density,2016,
2,Impaired kidney function,2016,
0,All risk factors,2017,
1,Environmental and occupational risks,2017,
2,"Unsafe water, sanitation, and handwashing",2017,
3,Unsafe water source,2017,
3,Unsafe sanitation,2017,
3,No access to handwashing facility,2017,
2,Air pollution,2017,
3,Particulate matter pollution,2017,
3,Ambient ozone pollution,2017,
2,Other environmental risks,2017,
3,Residential radon,2017,
3,Lead exposure,2017,
2,Occupational risks,2017,
3,Occupational carcinogens,2017,
3,Occupational asthmagens,2017,
3,"Occupational particulate matter, gases, and fumes",2017,
3,Occupational noise,2017,
3,Occupational injuries,2017,
3,Occupational ergonomic factors,2017,
1,Behavioural risks,2017,
2,Child and maternal malnutrition,2017,
3,Suboptimal breastfeeding,2017,
3,Child growth failure,2017,
3,Low birthweight and short gestation,2017,
3,Iron deficiency,2017,
3,Vitamin A deficiency,2017,
3,Zinc deficiency,2017,
2,Tobacco,2017,
3,Smoking,2017,
3,Chewing tobacco,2017,
3,Second-hand smoke,2017,
2,Alcohol use,2017,
2,Drug use,2017,
2,Dietary risks,2017,
3,Diet low in fruits,2017,
3,Diet low in vegetables,2017,
3,Diet low in legumes,2017,
3,Diet low in whole grains,2017,
3,Diet low in nuts and seeds,2017,
3,Diet low in milk,2017,
3,Diet high in red meat,2017,
3,Diet high in processed meat,2017,
3,Diet high in sugar-sweetened beverages,2017,
3,Diet low in fibre,2017,
3,Diet low in calcium,2017,
3,Diet low in seafood omega 3 fatty acids,2017,
3,Diet low in polyunsaturated fatty acids,2017,
3,Diet high in trans fatty acids,2017,
3,Diet high in sodium,2017,
2,Intimate partner violence,2017,
2,Childhood maltreatment,2017,
3,Childhood sexual abuse,2017,
3,Bullying victimisation,2017,
2,Unsafe sex,2017,
2,Low physical activity,2017,
1,Metabolic risks,2017,
2,High fasting plasma glucose,2017,
2,High low-density lipoprotein cholesterol,2017,
2,High systolic blood pressure,2017,
2,High body-mass index,2017,
2,Low bone mineral density,2017,
2,Impaired kidney function,2017,
0,All risk factors,2019,
1,Environmental/occupational risks,2019,
2,"Unsafe water, sanitation, and handwashing",2019,
3,Unsafe water source,2019,
3,Unsafe sanitation,2019,
3,No access to handwashing facility,2019,
2,Air pollution,2019,
3,Particulate matter pollution,2019,
3,Ambient ozone pollution,2019,
2,Non-optimal temperature,2019,
3,High temperature,2019,
3,Low temperature,2019,
2,Other environmental risks,2019,
3,Residential radon,2019,
3,Lead exposure,2019,
2,Occupational risks,2019,
3,Occupational carcinogens,2019,
3,Occupational asthmagens,2019,
3,"Occupational particulate matter, gases, and fumes",2019,
3,Occupational noise,2019,
3,Occupational injuries,2019,
3,Occupational ergonomic factors,2019,
1,Behavioral risks,2019,
2,Child and maternal malnutrition,2019,
3,Suboptimal breastfeeding,2019,
3,Child growth failure,2019,
3,Low birthweight and short gestation,2019,
3,Iron deficiency,2019,
3,Vitamin A deficiency,2019,
3,Zinc deficiency,2019,
2,Tobacco,2019,
3,Smoking,2019,
3,Chewing tobacco,2019,
3,Secondhand smoke,2019,
2,Alcohol use,2019,
2,Drug use,2019,
2,Dietary risks,2019,
3,Diet low in fruits,2019,
3,Diet low in vegetables,2019,
3,Diet low in legumes,2019,
3,Diet low in whole grains,2019,
3,Diet low in nuts and seeds,2019,
3,Diet low in milk,2019,
3,Diet high in red meat,2019,
3,Diet high in processed meat,2019,
3,Diet high in sugar-sweetened beverages,2019,
3,Diet low in fiber,2019,
3,Diet low in calcium,2019,
3,Diet low in seafood omega-3 fatty acids,2019,
3,Diet low in polyunsaturated fatty acids,2019,
3,Diet high in trans fatty acids,2019,
3,Diet high in sodium,2019,
2,Intimate partner violence,2019,
2,Childhood sexual abuse and bullying,2019,
3,Childhood sexual abuse,2019,
3,Bullying victimization,2019,
2,Unsafe sex,2019,
2,Low physical activity,2019,
1,Metabolic risks,2019,
2,High fasting plasma glucose,2019,
2,High LDL cholesterol,2019,
2,High systolic blood pressure,2019,
2,High body-mass index,2019,
2,Low bone mineral density,2019,
2,Kidney dysfunction,2019,
0,All risk factors,2021,
1,Environmental/occupational risks,2021,
2,"Unsafe water, sanitation, and handwashing",2021,
3,Unsafe water source,2021,
3,Unsafe sanitation,2021,
3,No access to handwashing facility,2021,
2,Air pollution,2021,
3,Particulate matter pollution,2021,
3,Ambient ozone pollution,2021,
3,Nitrogen dioxide pollution,2021,
2,Non-optimal temperature,2021,
3,High temperature,2021,
3,Low temperature,2021,
2,Other environmental risks,2021,
3,Residential radon,2021,
3,Lead exposure,2021,
2,Occupational risks,2021,
3,Occupational carcinogens,2021,
3,Occupational asthmagens,2021,
3,"Occupational particulate matter, gases, and fumes",2021,
3,Occupational noise,2021,
3,Occupational injuries,2021,
3,Occupational ergonomic factors,2021,
1,Behavioral risks,2021,
2,Child and maternal malnutrition,2021,
3,Suboptimal breastfeeding,2021,
3,Child growth failure,2021,
3,Low birth weight and short gestation,2021,
3,Iron deficiency,2021,
3,Vitamin A deficiency,2021,
3,Zinc deficiency,2021,
2,Tobacco,2021,
3,Smoking,2021,
3,Chewing tobacco,2021,
3,Secondhand smoke,2021,
2,High alcohol use,2021,
2,Drug use,2021,
2,Dietary risks,2021,
3,Diet low in fruits,2021,
3,Diet low in vegetables,2021,
3,Diet low in legumes,2021,
3,Diet low in whole grains,2021,
3,Diet low in nuts and seeds,2021,
3,Diet low in milk,2021,
3,Diet high in red meat,2021,
3,Diet high in processed meat,2021,
3,Diet high in sugar-sweetened beverages,2021,
3,Diet low in fiber,2021,
3,Diet low in calcium,2021,
3,Diet low in seafood omega-3 fatty acids,2021,
3,Diet low in omega-6 polyunsaturated fatty acids,2021,
3,Diet high in trans fatty acids,2021,
3,Diet high in sodium,2021,
2,Intimate partner violence,2021,
2,Childhood sexual abuse and bullying,2021,
3,Childhood sexual abuse,2021,
3,Bullying victimization,2021,
2,Unsafe sex,2021,
2,Low physical activity,2021,
1,Metabolic risks,2021,
2,High fasting plasma glucose,2021,
2,High LDL cholesterol,2021,
2,High systolic blood pressure,2021,
2,High body-mass index,2021,
2,Low bone mineral density,2021,
2,Kidney dysfunction,2021,